{
    "gainlose_totals": {
        "losers": 0,
        "nc": 5246956.333333333,
        "gainers": 0
    },
    "gainlose_by_sex": {
        "sex": [
            "Male",
            "Female"
        ],
        "losers": [
            0,
            0
        ],
        "nc": [
            2538548.000000012,
            2708408.3333333526
        ],
        "gainers": [
            0,
            0
        ]
    },
    "gainlose_by_thing": {
        "thing": [
            1,
            2,
            3,
            4,
            5,
            6,
            7,
            8,
            9,
            10
        ],
        "losers": [
            0,
            0,
            0,
            0,
            0,
            0,
            0,
            0,
            0,
            0
        ],
        "nc": [
            523562.3333333323,
            530427.3333333335,
            513197.66666666506,
            531080.9999999999,
            509284.9999999993,
            530605.6666666656,
            511861.6666666654,
            516035.00000000006,
            547985.333333333,
            532915.3333333333
        ],
        "gainers": [
            0,
            0,
            0,
            0,
            0,
            0,
            0,
            0,
            0,
            0
        ]
    },
    "poverty": [
        {
            "poverty_gap_gini": 0.706595227963253,
            "shorrocks": 0.11589777712166305,
            "gini_amongst_poor": 0.20141244930141278,
            "fgt_alphas": [
                0,
                0.5,
                1,
                1.5,
                2,
                2.5
            ],
            "watts": 0.30948216666956063,
            "time_to_exit": 15.474108333478032,
            "headcount": 0.3506305147447667,
            "gap": 0.19368450153642475,
            "foster_greer_thorndyke": [
                0.3506305147447667,
                0.2527732615227513,
                0.19368450153642475,
                0.1523625275595262,
                0.12147481980898489,
                0.09758651340602906
            ],
            "sen": 0.22529538246480876
        },
        {
            "poverty_gap_gini": 0.706595227963253,
            "shorrocks": 0.11589777712166305,
            "gini_amongst_poor": 0.20141244930141278,
            "fgt_alphas": [
                0,
                0.5,
                1,
                1.5,
                2,
                2.5
            ],
            "watts": 0.30948216666956063,
            "time_to_exit": 15.474108333478032,
            "headcount": 0.3506305147447667,
            "gap": 0.19368450153642475,
            "foster_greer_thorndyke": [
                0.3506305147447667,
                0.2527732615227513,
                0.19368450153642475,
                0.1523625275595262,
                0.12147481980898489,
                0.09758651340602906
            ],
            "sen": 0.22529538246480876
        },
        {
            "poverty_gap_gini": 0,
            "shorrocks": 0,
            "gini_amongst_poor": 0,
            "fgt_alphas": [
                0,
                0,
                0,
                0,
                0,
                0
            ],
            "watts": 0,
            "time_to_exit": 0,
            "headcount": 0,
            "gap": 0,
            "foster_greer_thorndyke": [
                0,
                0,
                0,
                0,
                0,
                0
            ],
            "sen": 0
        }
    ],
    "inequality": [
        {
            "atkinson": [
                0.08315094904580866,
                0.1628051375720756,
                0.23911717195769677,
                0.31135529707408893,
                0.3782678700515685,
                0.4385664249266388,
                0.49137401876565023,
                0.536462149722551,
                0.5742204623927156
            ],
            "generalised_entropy": [
                0.3554510515271929,
                0.3826059148785689,
                0.42739838020029436,
                0.49897536930110165,
                0.6140526027814935,
                0.8038493741504207
            ],
            "palma": 2.4931701183638952,
            "theil": [
                0.37302981161678367,
                0.34088408169834133
            ],
            "atkinson_es": [
                0.25,
                0.5,
                0.75,
                1,
                1.25,
                1.5,
                1.75,
                2,
                2.25
            ],
            "total_income": 2022141884.8036153,
            "gini": 0.4364085332886486,
            "hoover": 0.3087946445537843,
            "deciles": [
                [
                    0.09989239475914356,
                    0.19993420947724821,
                    0.30002436968377727,
                    0.40003137056790494,
                    0.4999643602903922,
                    0.5999953750965019,
                    0.6999723268137178,
                    0.7999678924969114,
                    0.8999691757805722,
                    1
                ],
                [
                    0.01892130602746933,
                    0.037870914717788404,
                    0.06413144727703597,
                    0.12051085309795144,
                    0.19872019038077215,
                    0.291215826562001,
                    0.40081294044608545,
                    0.5328159100404009,
                    0.6995459421176464,
                    1
                ],
                [
                    73,
                    73,
                    169.5215632183851,
                    264.44852934676175,
                    329.34377200246104,
                    388.18134985399416,
                    460.04478505766633,
                    564.2807835269384,
                    745.4664648194604,
                    14244.50136377163
                ]
            ],
            "generalised_entropy_alphas": [
                1.25,
                1.5,
                1.75,
                2,
                2.25,
                2.5
            ],
            "average_income": 385.3933130636428,
            "total_population": 5246956.333333382,
            "negative_or_zero_income_count": 0,
            "median": 329.34377200246104
        },
        {
            "atkinson": [
                0.08315094904580866,
                0.1628051375720756,
                0.23911717195769677,
                0.31135529707408893,
                0.3782678700515685,
                0.4385664249266388,
                0.49137401876565023,
                0.536462149722551,
                0.5742204623927156
            ],
            "generalised_entropy": [
                0.3554510515271929,
                0.3826059148785689,
                0.42739838020029436,
                0.49897536930110165,
                0.6140526027814935,
                0.8038493741504207
            ],
            "palma": 2.4931701183638952,
            "theil": [
                0.37302981161678367,
                0.34088408169834133
            ],
            "atkinson_es": [
                0.25,
                0.5,
                0.75,
                1,
                1.25,
                1.5,
                1.75,
                2,
                2.25
            ],
            "total_income": 2022141884.8036153,
            "gini": 0.4364085332886486,
            "hoover": 0.3087946445537843,