{
   "gainlose_by_sex":{
      "sex":[
         "Male",
         "Female"
      ],
      "losers":[
         11676376,
         22288168
      ],
      "nc":[
         13786319,
         16654237
      ],
      "gainers":[
         0,
         0
      ]
   },
   "gainlose_by_thing":{
      "thing":[
         1,
         2,
         3,
         4,
         5,
         6,
         7,
         8,
         9,
         10
      ],
      "losers":[
         3388355,
         3427341,
         3344981,
         3443454,
         3392431,
         3483209,
         3340632,
         3342138,
         3429689,
         3372314
      ],
      "nc":[
         3046996,
         3074268,
         3061108,
         3018640,
         3125232,
         3055390,
         3009427,
         2967445,
         2978277,
         3103773
      ],
      "gainers":[
         0,
         0,
         0,
         0,
         0,
         0,
         0,
         0,
         0,
         0
      ]
   },
   "poverty":[
      {
         "poverty_gap_gini":0.6748819787546955,
         "shorrocks":0.06300697456956675,
         "gini_amongst_poor":0.016934352327198976,
         "fgt_alphas":[
            0.0,
            0.5,
            1.0,
            1.5,
            2.0,
            2.5
         ],
         "watts":0.1368577659375889,
         "time_to_exit":6.842888296879444,
         "headcount":0.33658309668023184,
         "gap":0.11176661937536958,
         "foster_greer_thorndyke":[
            0.33658309668023184,
            0.19217684763853965,
            0.11176661937536958,
            0.0653498233817908,
            0.038277835790710986,
            0.022435084900085674
         ],
         "sen":0.11557374081100985
      },
      {
         "poverty_gap_gini":0.6748819787546955,
         "shorrocks":0.06300697456956675,
         "gini_amongst_poor":0.016934352327198976,
         "fgt_alphas":[
            0.0,
            0.5,
            1.0,
            1.5,
            2.0,
            2.5
         ],
         "watts":0.1368577659375889,
         "time_to_exit":6.842888296879444,
         "headcount":0.33658309668023184,
         "gap":0.11176661937536958,
         "foster_greer_thorndyke":[
            0.33658309668023184,
            0.19217684763853965,
            0.11176661937536958,
            0.0653498233817908,
            0.038277835790710986,
            0.022435084900085674
         ],
         "sen":0.11557374081100985
      },
      {
         "poverty_gap_gini":0.0,
         "shorrocks":0.0,
         "gini_amongst_poor":0.0,
         "fgt_alphas":[
            0.0,
            0.0,
            0.0,
            0.0,
            0.0,
            0.0
         ],
         "watts":0.0,
         "time_to_exit":0.0,
         "headcount":0.0,
         "gap":0.0,
         "foster_greer_thorndyke":[
            0.0,
            0.0,
            0.0,
            0.0,
            0.0,
            0.0
         ],
         "sen":0.0
      }
   ],
   "inequality":[
      {
         "atkinson":[
            0.06222301988658907,
            0.11721084593140252,
            0.16631578338704844,
            0.21043117278636714,
            0.2501521724565412,
            0.285895635710241,
            0.3179841580746894,
            0.34669954767181244,
            0.3723118592884811
         ],
         "generalised_entropy":[
            0.28841586824197735,
            0.3220319470325501,
            0.37212089161079065,
            0.448258238607777,
            0.5678054115837086,
            0.7635395824518296
         ],
         "palma":1.7351087354103238,
         "theil":[
            0.23626827085489233,
            0.2657834912531569
         ],
         "atkinson_es":[
            0.25,
            0.5,
            0.75,
            1.0,
            1.25,
            1.5,
            1.75,
            2.0,
            2.25
         ],
         "total_income":2.6305774922718727e10,
         "gini":0.3745513687293466,
         "hoover":0.2664962754928436,
         "deciles":[
            [
               0.10000327613806981,
               0.19999931682428876,
               0.2999849546076319,
               0.3999804984387882,
               0.49999231427324853,
               0.6000034469319976,
               0.6999804984387884,
               0.7999843335388037,
               0.8999775017816913,
               1.0
            ],
            [
               0.03672608591984986,
               0.07344951462849021,
               0.11016912288324558,
               0.16679342098372332,
               0.2465246499206132,
               0.3344334926419074,
               0.43692033728173857,
               0.5584572723595904,
               0.7105952782421701,
               1.0
            ],
            [
               150.0,
               150.0,
               150.0,
               296.65790314138565,
               342.8870067137289,
               386.67842248499176,
               453.31316177971934,
               545.4307713434115,
               719.6488945987421,
               21336.129863454953
            ]
         ],
         "generalised_entropy_alphas":[
            1.25,
            1.5,
            1.75,
            2.0,
            2.25,
            2.5
         ],
         "average_income":408.4424202853303,
         "total_population":6.44051e7,
         "negative_or_zero_income_count":0,
         "median":342.8870067137289
      },
      {
         "atkinson":[
            0.033721780181122374,
            0.06525309269063395,
            0.09509190024703607,
            0.12349085113986058,
            0.15055445233449827,
            0.17629934883680687,
            0.20069554234991271,
            0.2236959833715355,
            0.24525740309257305
         ],
         "generalised_entropy":[
            0.1479884621619057,
            0.15990279237156635,
            0.17859003212255348,
            0.20900069092683504,
            0.26117756540442577,
            0.3562692543983539
         ],
         "palma":1.0304261502122214,
         "theil":[
            0.13180813672875008,
            0.14029967494585266
         ],
         "atkinson_es":[
            0.25,
            0.5,
            0.75,
            1.0,
            1.25,
            1.5,
            1.75,
            2.0,
            2.25
         ],
         "total_income":2.0764763685838665e10,
         "gini":0.27301059691987706,
         "hoover":0.19003670943068673,
         "deciles":[
            [
               0.10000327613806981,
               0.19999931682428876,
               0.2999849546076319,
               0.3999804984387882,
               0.4999830448209846,
               0.6000034469319976,
               0.6999804984387884,
               0.7999843335388037,
               0.8999775017816913,
               1.0
            ],
            [
               0.04652632529879812,
               0.09304928431801524,
               0.13956740340736265,
               0.2113017156068292,
               0.31056442465886813,
               0.4136498586119534,
               0.5233638951305367,
               0.6440320967999059,
               0.7822691866540173,
               1.0
            ],
            [
               150.0,
               150.0,
               150.0,
               296.65790314138565,
               327.9832140123107,
               339.2942181931963,
               369.5019666734728,
               411.2619496756799,
               490.24083221809644,
               17236.129863454953
            ]
         ],
         "generalised_entropy_alphas":[
            1.25,
            1.5,
            1.75,
            2.0,
            2.25,
            2.5
         ],
         "average_income":322.40868635928933,
         "total_population":6.44051e7,
         "negative_or_zero_income_count":0,