{
    "gainlose_totals": {
        "losers": 3191034.333333333,
        "nc": 2055922,
        "gainers": 0
    },
    "gainlose_by_sex": {
        "sex": [
            "Male",
            "Female"
        ],
        "losers": [
            1650438.6666666528,
            1540595.6666666518
        ],
        "nc": [
            888109.3333333317,
            1167812.6666666695
        ],
        "gainers": [
            0,
            0
        ]
    },
    "gainlose_by_thing": {
        "thing": [
            1,
            2,
            3,
            4,
            5,
            6,
            7,
            8,
            9,
            10
        ],
        "losers": [
            319336.33333333326,
            327036.33333333296,
            303552.6666666667,
            324989.0000000001,
            318224.33333333314,
            308395.6666666664,
            317423.9999999994,
            311003.9999999997,
            328914.3333333333,
            332157.66666666657
        ],
        "nc": [
            205634.99999999994,
            192917.33333333326,
            229185.66666666692,
            212916.66666666648,
            195353.3333333338,
            194156.99999999983,
            203203.3333333334,
            202218.66666666645,
            202304.66666666663,
            218030.3333333335
        ],
        "gainers": [
            0,
            0,
            0,
            0,
            0,
            0,
            0,
            0,
            0,
            0
        ]
    },
    "poverty": [
        {
            "poverty_gap_gini": 0.706595227963253,
            "shorrocks": 0.11589777712166305,
            "gini_amongst_poor": 0.20141244930141278,
            "fgt_alphas": [
                0,
                0.5,
                1,
                1.5,
                2,
                2.5
            ],
            "watts": 0.30948216666956063,
            "time_to_exit": 15.474108333478032,
            "headcount": 0.3506305147447667,
            "gap": 0.19368450153642475,
            "foster_greer_thorndyke": [
                0.3506305147447667,
                0.2527732615227513,
                0.19368450153642475,
                0.1523625275595262,
                0.12147481980898489,
                0.09758651340602906
            ],
            "sen": 0.22529538246480876
        },
        {
            "poverty_gap_gini": 0.706595227963253,
            "shorrocks": 0.11589777712166316,
            "gini_amongst_poor": 0.20141244930141278,
            "fgt_alphas": [
                0,
                0.5,
                1,
                1.5,
                2,
                2.5
            ],
            "watts": 0.3094821666695608,
            "time_to_exit": 15.47410833347804,
            "headcount": 0.35063051474476686,
            "gap": 0.19368450153642483,
            "foster_greer_thorndyke": [
                0.35063051474476686,
                0.2527732615227514,
                0.19368450153642483,
                0.15236252755952626,
                0.12147481980898496,
                0.09758651340602911
            ],
            "sen": 0.2252953824648089
        },
        {
            "poverty_gap_gini": 0,
            "shorrocks": 1.1102230246251565e-16,
            "gini_amongst_poor": 0,
            "fgt_alphas": [
                0,
                0,
                0,
                0,
                0,
                0
            ],
            "watts": 1.6653345369377348e-16,
            "time_to_exit": 7.105427357601002e-15,
            "headcount": 1.6653345369377348e-16,
            "gap": 8.326672684688674e-17,
            "foster_greer_thorndyke": [
                1.6653345369377348e-16,
                1.1102230246251565e-16,
                8.326672684688674e-17,
                5.551115123125783e-17,
                6.938893903907228e-17,
                5.551115123125783e-17
            ],
            "sen": 1.3877787807814457e-16
        }
    ],
    "inequality": [
        {
            "atkinson": [
                0.08315094904580866,
                0.1628051375720756,
                0.23911717195769677,
                0.31135529707408893,
                0.3782678700515685,
                0.4385664249266388,
                0.49137401876565023,
                0.536462149722551,
                0.5742204623927156
            ],
            "generalised_entropy": [
                0.3554510515271929,
                0.3826059148785689,
                0.42739838020029436,
                0.49897536930110165,
                0.6140526027814935,
                0.8038493741504207
            ],
            "palma": 2.4931701183638952,
            "theil": [
                0.37302981161678367,
                0.34088408169834133
            ],
            "atkinson_es": [
                0.25,
                0.5,
                0.75,
                1,
                1.25,
                1.5,
                1.75,
                2,
                2.25
            ],
            "total_income": 2022141884.8036153,
            "gini": 0.4364085332886486,
            "hoover": 0.3087946445537843,
            "deciles": [
                [
                    0.09989239475914356,
                    0.19993420947724821,
                    0.30002436968377727,
                    0.40003137056790494,
                    0.4999643602903922,
                    0.5999953750965019,
                    0.6999723268137178,
                    0.7999678924969114,
                    0.8999691757805722,
                    1
                ],
                [
                    0.01892130602746933,
                    0.037870914717788404,
                    0.06413144727703597,
                    0.12051085309795144,
                    0.19872019038077215,
                    0.291215826562001,
                    0.40081294044608545,
                    0.5328159100404009,
                    0.6995459421176464,
                    1
                ],
                [
                    73,
                    73,
                    169.5215632183851,
                    264.44852934676175,
                    329.34377200246104,
                    388.18134985399416,
                    460.04478505766633,
                    564.2807835269384,
                    745.4664648194604,
                    14244.50136377163
                ]
            ],
            "generalised_entropy_alphas": [
                1.25,
                1.5,
                1.75,
                2,
                2.25,
                2.5
            ],
            "average_income": 385.3933130636428,
            "total_population": 5246956.333333382,
            "negative_or_zero_income_count": 0,
            "median": 329.34377200246104
        },
        {
            "atkinson": [
                0.06459964740482993,
                0.12412489730259357,
                0.18052009276728076,
                0.23457201167321584,
                0.28626569721071327,
                0.33510376146365595,
                0.3804109203389511,
                0.4215928630827308,
                0.45830192181443763
            ],
            "generalised_entropy": [
                0.29559858416966733,
                0.33453985740347925,
                0.398887910595507,
                0.5062864402605367,
                0.690779573022701,
                1.020122630405695
            ],
            "palma": 1.656393921942165,
            "theil": [
                0.2673201397309127,
                0.27264656518002556
            ],
            "atkinson_es": [
                0.25,
                0.5,
                0.75,
                1,
                1.25,
                1.5,
                1.75,
                2,
                2.25
            ],
            "total_income": 1509419037.806944,
            "gini": 0.36408548511570393,